Quote_ID,Paper_ID,Theme_Code,Claim_Type,Exact_Quote,Page_Number,PDF_Section,Paraphrase,How_It_Can_Be_Used_In_Review,Confidence_1_5
P001-Q01,P001,AI_AUTOMATION,Theme assignment,"Published as a conference paper at ICLR 2026 AI-FOR-SCIENCELOW-CODEPLATFORM WITH BAYESIANADVERSARIALMULTI-AGENTFRAMEWORK Zihang Zeng1,2#, Jiaquan Zhang1,2#, Pengze Li1, Yuan Qi1,3, Xi Chen1,3† 1Artificial Intelligence Innovation and Incubation Institute, Fudan University 2Shanghai Innovation Institute 3Shanghai Academy of AI for Science x_chen@fudan.edu.cn ABSTRACT Multi-agent systems leveraging Large Language Models (LLMs) show immense potential for solving complex scientific problems.",1,Abstract/Introduction,Evidence related to AI and automation.,Use as evidence in the Findings/Future section.,4
P001-Q02,P001,QUALITY_TESTING,Theme assignment,2.3 A PRIORI ESTIMATION WITHBAYESIANOPTIMIZATION We noticed that executing all the generated codes for testing can be computationally expensive.,5,Method/Approach,Evidence related to Quality assurance and testing.,Use as evidence in the Findings section.,4
P001-Q03,P001,PLATFORM_COMPARISON,Theme assignment,"Published as a conference paper at ICLR 2026 Figure 1: Comparison between three code generation paradigms: Single LLM generator, multi-agent role playing and the proposed Bayesian adversarial multi-agent framework. constrain the performance ceiling of LLM-based coding platforms, as their capabilities are inherently bounded by the underlying LLM’s intelligence level.",2,Limitations/Validity,Evidence related to Platform comparison.,Use as evidence in the Findings section.,4
P001-Q04,P001,AI_AUTOMATION,Method,"Our framework employs three agents in a recursive loop that adversarially co-optimizes the generated solutions, the test cases used for evaluation, and the prompts driving generation.",1,Abstract/Introduction,Evidence related to AI and automation.,Use as evidence in the Findings/Future section.,4
P002-Q01,P002,MDE_VISUAL_PROGRAMMING,Theme assignment,"Low-code development, the latest reincarnation of model-driven engineering approaches, addresses this demand but introduces challenges related to the growing complexity of modern software requirements, such as AI-powered agents.",2,Abstract/Introduction,Evidence related to Model-driven / visual programming roots.,Use as evidence in the Background section.,4
P002-Q02,P002,AI_AUTOMATION,Theme assignment,"LOW-CODE AND NO-CODE WITHBESSERTO CREATE AND DEPLOY SMART WEB APPLICATIONS Iván Alfonso Luxembourg Institute of Science and Technology, Luxembourg ivan.alfonso@list.lu Armen Sulejmani Luxembourg Institute of Science and Technology, Luxembourg armen.sulejmani@list.lu Aaron Conrardy Luxembourg Institute of Science and Technology, Luxembourg University of Luxembourg, Luxembourg aaron.conrardy@list.lu Jordi Cabot Luxembourg Institute of Science and Technology, Luxembourg University of Luxembourg, Luxembourg jordi.cabot@list.lu ABSTRACT The increasing demand for web applications containing AI-agents, seen as smart web applications, has prompted the need for new techniques to facilitate their creation.",2,Abstract/Introduction,Evidence related to AI and automation.,Use as evidence in the Findings/Future section.,4
P002-Q03,P002,MAINTAINABILITY,Theme assignment,"Existing low-code platforms are commercial, leading to drawbacks such as the risk of vendor lock-in, limited extensibility, and more.",2,Abstract/Introduction,Evidence related to Maintainability.,Use as evidence in the Findings section.,4
P002-Q04,P002,MDE_VISUAL_PROGRAMMING,Method,"View components are mapped to React components including data tables, interactive forms, method invocation buttons, and chart visualizations.",4,Conclusion/Future work,Evidence related to Model-driven / visual programming roots.,Use as evidence in the Background section.,4
P003-Q01,P003,AI_AUTOMATION,Theme assignment,The integration of LCNC platforms with Generative Artificial Intelligence (GenAI) represents a further shift in software creation workflows.,1,Abstract/Introduction,Evidence related to AI and automation.,Use as evidence in the Findings/Future section.,4
P003-Q02,P003,PLATFORM_COMPARISON,Theme assignment,Guthardt T. [40] 2024 Empirical comparison of programmers and citizen developers using a prototype no-code builder.,7,Limitations/Validity,Evidence related to Platform comparison.,Use as evidence in the Findings section.,4
P003-Q03,P003,USABILITY_UX,Theme assignment,"This paper presents a systematic literature review examining how generative no-code systems make design and aesthetic decisions with respect to layout structure, visual consistency, usability, accessibility, and reproducibility.",1,Abstract/Introduction,Evidence related to Usability and user experience.,Use as evidence in the Findings section.,4
P003-Q04,P003,AI_AUTOMATION,Method,"Systematic Review Design Behaviour and Interface Consistency in Generative No-Code Tools: A Systematic Literature Review Gizem Irmak 1,2, * and Qusay H.",1,Abstract/Introduction,Evidence related to AI and automation.,Use as evidence in the Findings/Future section.,4
P004-Q01,P004,AI_AUTOMATION,Theme assignment,2.3 Related Work Prior work has integrated LLMs into low-code environments to support human-AI collaboration.,2,Method/Approach,Evidence related to AI and automation.,Use as evidence in the Findings/Future section.,4
P004-Q02,P004,PLATFORM_COMPARISON,Theme assignment,"LLM4FaaS: No-Code Application Development using LLMs and FaaS UCC ’25, December 1-4, 2025, Nantes, France Experiment Pylint Score (avg±std) CC (avg±std) MI (avg±std) HALS Effort (median) Baseline3.18±2.34 8.51±6.99 75.13±7.6775.31 Human Developer8.30±1.38 7.06±4.6655.63±15.00272.32 LLM4FaaS6.13±1.85 9.43±7.4278.34±11.8584.26 Open Interpreter7.25±2.06 6.62±6.58 79.73±12.50 24.73 Table 1: Comparison of Code Quality Metrics across Experiments: The table reports the average (avg) and standard deviation (std) of Pylint scores, Cyclomatic Complexity (CC), Maintainability Index (MI), and the median HALS Effort.",5,Results/Evaluation,Evidence related to Platform comparison.,Use as evidence in the Findings section.,4
P004-Q03,P004,QUALITY_TESTING,Theme assignment,"Experimental results show that LLM4FaaS achieves high reliability, efficiency and availability while maintaining competitive code quality, making it a viable solution for non-technical users to develop and run tailored applications without requiring any technical expertise.",8,Abstract/Introduction,Evidence related to Quality assurance and testing.,Use as evidence in the Findings section.,4
P004-Q04,P004,AI_AUTOMATION,Method,"We implement a proof-of-concept prototype based on an open-source FaaS platform, and evaluate it using real prompts from non-technical users.",1,Abstract/Introduction,Evidence related to AI and automation.,Use as evidence in the Findings/Future section.,4
P005-Q01,P005,AI_AUTOMATION,Theme assignment,"2.1 Large Language Models LLMs are advanced artificial intelligence models trained on vast amounts of text data to understand, process and generate humanlike responses.",2,Conclusion/Future work,Evidence related to AI and automation.,Use as evidence in the Findings/Future section.,4
P005-Q02,P005,PLATFORM_COMPARISON,Theme assignment,"Whileleaderboards compare models on general purpose tests regarding [2, 18, 19, 24], e.g., knowledge, reasoning, or code generation, a more detailed comparison is necessary to understand the influence of varying model factors for specific tasks.",1,Abstract/Introduction,Evidence related to Platform comparison.,Use as evidence in the Findings section.,4
P005-Q03,P005,SCALABILITY,Theme assignment,This limitation hinders the reproducibility and scalability of few-shot evaluation across different platforms.Baidu Qianfanhas a strict,14,Limitations/Validity,Evidence related to Scalability.,Use as evidence in the Findings section.,4
P005-Q04,P005,AI_AUTOMATION,Method,"By conducting comprehensive experiments, we evaluate the impact of four key factors, i.e., model selection, prompt language, training data background, and an error-informed few-shot setup, on the quality of generated applications.",1,Abstract/Introduction,Evidence related to AI and automation.,Use as evidence in the Findings/Future section.,4
P006-Q01,P006,AI_AUTOMATION,Theme assignment,"This approach reduces the dependency on ad hoc changes of prompts, making arXiv:2505.11701v2 [cs.AI] 4 Sep 2025",1,Abstract/Introduction,Evidence related to AI and automation.,Use as evidence in the Findings/Future section.,4
P006-Q02,P006,EDUCATION,Theme assignment,We implemented the framework in a graduate-level course where students submitted assignments.,1,Abstract/Introduction,Evidence related to Education and training.,Use as evidence in the Findings section.,4
P006-Q03,P006,GOVERNANCE,Theme assignment,Hit policy:Loan Approval Rule Unique  > 50000 >= 700 approve > 50000 [650..700[ manual_review - - decline - - Annotations 1 2 3  Then Is Eligible for Loan? string  When salary string And creditScore string  Fig.,3,Results/Evaluation,Evidence related to Governance and control.,Use as evidence in the Findings section.,4
P006-Q04,P006,AI_AUTOMATION,Method,The instructor evaluated the generated feedback and labeled it for performance assessment.,1,Abstract/Introduction,Evidence related to AI and automation.,Use as evidence in the Findings/Future section.,4
P007-Q01,P007,AI_AUTOMATION,Theme assignment,"Keywords Large Language Models, Generative AI, Retrieval-Augmented Generation, Task Decomposition, Workflows 1 Introduction Generative AI is pushing the boundaries of AI-based software.",1,Abstract/Introduction,Evidence related to AI and automation.,Use as evidence in the Findings/Future section.,4
P007-Q02,P007,PLATFORM_COMPARISON,Theme assignment,Our last quantitative comparison helps us determine whether suboptimal RAG is primarily responsible for errors.,4,Limitations/Validity,Evidence related to Platform comparison.,Use as evidence in the Findings section.,4
P007-Q03,P007,EDUCATION,Theme assignment,Our approach was to create a small yet representative training dataset for the sub-tasks comprising Flow Generation and fine-tune Mistral-Nemo-12B-Base [20].,2,Limitations/Validity,Evidence related to Education and training.,Use as evidence in the Findings section.,4
P007-Q04,P007,AI_AUTOMATION,Method,"For evaluation, we labeled about a thousand workflows coming from ten domains (around 100 per domain).",2,Limitations/Validity,Evidence related to AI and automation.,Use as evidence in the Findings/Future section.,4
P008-Q01,P008,PLATFORM_COMPARISON,Theme assignment,"Figure 3: Comparison of golden patch distributions between NoCode-bench and SWE-bench along dimensions related to localization and editing difficulty. - Micro-level FV (FV-Micro): The overall ratio of passed F2P tests to the total number of F2P tests across all instances: FV-Micro = Í𝑁 𝑖=1 #Passed𝑖Í𝑁 𝑖=1 #Total𝑖 , where #Passed𝑖 and #Total𝑖 denote the number of passed and total F2P tests for instance 𝑖, respectively. - Macro-level FV (FV-Macro):The average F2P pass rate across instances: FV-Macro = 1 𝑁 Í𝑁 𝑖=1 #Passed𝑖 #Total𝑖 , where 𝑁 is the total number of instances.",7,Results/Evaluation,Evidence related to Platform comparison.,Use as evidence in the Findings section.,4
P008-Q02,P008,QUALITY_TESTING,Theme assignment,"This phase ensures that each instance is equipped with a clean and functional containerized environment, establishing a reliable foundation for subsequent testing and analysis.",4,Method/Approach,Evidence related to Quality assurance and testing.,Use as evidence in the Findings section.,4
P008-Q03,P008,AI_AUTOMATION,Theme assignment,"NoCode-bench and its verified subset can serve as valuable resources for advancing research in LLM-based software engineering (SE), especially for no-code feature addition.",2,Results/Evaluation,Evidence related to AI and automation.,Use as evidence in the Findings/Future section.,4
P008-Q04,P008,PLATFORM_COMPARISON,Method,"NoCode-bench: A Benchmark for Evaluating Natural Language-Driven Feature Addition Le Deng∗ The State Key Laboratory of Blockchain and Data Security, Zhejiang University Hangzhou, China dengle@zju.edu.cn Zhonghao Jiang∗ The State Key Laboratory of Blockchain and Data Security, Zhejiang University Hangzhou, China zhonghao.j@zju.edu.cn Jialun Cao The Hong Kong University of Science and Technology Hong Kong, China jialuncao@ust.hk Michael Pradel University of Stuttgart Stuttgart, Germany michael@binaervarianz.de Zhongxin Liu† The State Key Laboratory of Blockchain and Data Security, Zhejiang University Hangzhou, China liu_zx@zju.edu.cn Leaderboard HuggingFace GitHub DockerHub ABSTRACT Natural language-driven no-code development aims to enable users to specify software functionality through natural language (NL) without directly editing source code, holding the promise for democratizing so...",1,Abstract/Introduction,Evidence related to Platform comparison.,Use as evidence in the Findings section.,4
P009-Q01,P009,AI_AUTOMATION,Theme assignment,"Finally, we outline future directions-including multimodal interfaces, on-device LLMs, and improved orchestration for democratizing app creation with AI.",1,Abstract/Introduction,Evidence related to AI and automation.,Use as evidence in the Findings/Future section.,4
P009-Q02,P009,PLATFORM_COMPARISON,Theme assignment,"We provide a detailed comparison, highlighting each platform’s strengths and limitations.",1,Abstract/Introduction,Evidence related to Platform comparison.,Use as evidence in the Findings section.,4
P009-Q03,P009,INTEGRATION,Theme assignment,"We adopt a broad survey methodology, categorizing platforms based on key dimensions such as interface style, backend integration, output type, and extensibility.",1,Abstract/Introduction,Evidence related to Integration.,Use as evidence in the Findings section.,4
P009-Q04,P009,AI_AUTOMATION,Method,"Review of Tools for Zero-Code LLM Based Application Development Priyaranjan Pattnayak1 and Hussain Bohra 2 1 University of Washington, Seattle, USA, ppattnay@uw.edu, 2 SVKM’s Narsee Monjee Institute of Management Studies, Mumbai, India, hussainbohra@gmail.com Abstract.Large Language Models (LLMs) are transforming software creation by enabling zero-code development platforms.",1,Abstract/Introduction,Evidence related to AI and automation.,Use as evidence in the Findings/Future section.,4
P010-Q01,P010,MDE_VISUAL_PROGRAMMING,Theme assignment,"Index Terms-LLM, AI, low-code development platform, metamodel, model-driven engineering, DSL, consistency I.",1,Abstract/Introduction,Evidence related to Model-driven / visual programming roots.,Use as evidence in the Background section.,4
P010-Q02,P010,AI_AUTOMATION,Theme assignment,"Index Terms-LLM, AI, low-code development platform, metamodel, model-driven engineering, DSL, consistency I.",1,Abstract/Introduction,Evidence related to AI and automation.,Use as evidence in the Findings/Future section.,4
P010-Q03,P010,CITIZEN_DEV,Theme assignment,"Information Management Neu-Ulm University of Applied Sciences Neu-Ulm, Germany alexander.bartel@hnu.de 4th Anne Koziolek KASTEL Karlsruhe Institute of Technology Karlsruhe, Germany anne.koziolek@kit.edu Abstract-Low-code platforms often use various models that define the application built by citizen developers.",1,Abstract/Introduction,Evidence related to Citizen development.,Use as evidence in the Themes section.,4
P010-Q04,P010,MDE_VISUAL_PROGRAMMING,Method,We implemented the approaches in a prototype and evaluated them in an exploratory study.,1,Abstract/Introduction,Evidence related to Model-driven / visual programming roots.,Use as evidence in the Background section.,4
P011-Q01,P011,AI_AUTOMATION,Theme assignment,2025; 4:1218 doi: 10.56294/dm20251218 SYSTEMATICC REVIEW Low-Code and No-Code Development in the Era of Artificial Intelligence: A Systematic Review Gabriel Luis L.,1,Abstract/Introduction,Evidence related to AI and automation.,Use as evidence in the Findings/Future section.,4
P011-Q02,P011,DOMAIN_SPECIFIC,Theme assignment,"Most studies focus on applications in healthcare, manufacturing, logistics, and education, and finance, while theoretical engagement and diversity across industries remain limited.",1,Abstract/Introduction,Evidence related to Domain-specific use.,Use as evidence in the Findings section.,4
P011-Q03,P011,ENTERPRISE_ADOPTION,Theme assignment,"begin to depend on automated tools instead of learning fundamental coding principles.(14) Data privacy emerges as a prominent concern when AI relies on cloud-based training or inference, raising questions about regulatory compliance and enterprise security standards.",7,Method/Approach,Evidence related to Enterprise adoption.,Use as evidence in the Findings section.,4
P011-Q04,P011,AI_AUTOMATION,Method,2025; 4:1218 doi: 10.56294/dm20251218 SYSTEMATICC REVIEW Low-Code and No-Code Development in the Era of Artificial Intelligence: A Systematic Review Gabriel Luis L.,1,Abstract/Introduction,Evidence related to AI and automation.,Use as evidence in the Findings/Future section.,4
P012-Q01,P012,ENTERPRISE_ADOPTION,Theme assignment,The company specialises in enterprise software solutions and provides a comprehensive suite of products that enable organisations to manage critical business functions such as finance and supply chain operations.,5,Limitations/Validity,Evidence related to Enterprise adoption.,Use as evidence in the Findings section.,4
P012-Q02,P012,PLATFORM_COMPARISON,Theme assignment,"1 | Introduction Low- code/no- code (LCNC) development platforms , such as ServiceNow, Microsoft Power Platform and Mendix, are increasingly recognised as essential tools for advancing digital transformation, as 80% of companies identify LCNC platforms as relevant for accelerating software development (Gonçalves et al.",1,Abstract/Introduction,Evidence related to Platform comparison.,Use as evidence in the Findings section.,4
P012-Q03,P012,GOVERNANCE,Theme assignment,"Gallen, St.Gallen, Switzerland | 5Vrije Universiteit Amsterdam, Amsterdam, the Netherlands Correspondence: Altus Viljoen (altus.viljoen@tum.de ) Received: 5 July 2024 | Revised: 17 May 2025 | Accepted: 2 June 2025 Keywords: citizen development | flexibility | IT governance | low- code development platform | no- code | paradoxical tension | ServiceNow | standardisation ABSTRACT Low- code/no- code (LCNC) platforms, such as ServiceNow and Microsoft Power Platform, enable employees without formal IT training to build applications and automate workflows, thus driving agility and reducing dependence on traditional IT teams.",1,Abstract/Introduction,Evidence related to Governance and control.,Use as evidence in the Findings section.,4
P012-Q04,P012,ENTERPRISE_ADOPTION,Method,"This study explores flexibility-standardisation tensions in LCNC development through an investigation of two multinational technology firms with differing LCNC maturity levels, both using ServiceNow.",1,Abstract/Introduction,Evidence related to Enterprise adoption.,Use as evidence in the Findings section.,4
P013-Q01,P013,ENTERPRISE_ADOPTION,Theme assignment,Bridging Business and IT Through Low-Code/No-Code: Insights into Business-IT Collaboration in Enterprise Citizen Developer Programs Björn Binzer University of Hagen bjoern.binzer@fernuni-hagen.de Daniel Fürstenau Freie Universität Berlin daniel.fuerstenau@fu-berlin.de Till J.,1,Abstract/Introduction,Evidence related to Enterprise adoption.,Use as evidence in the Findings section.,4
P013-Q02,P013,PLATFORM_COMPARISON,Theme assignment,"Furthermore, our findings provide novel insights, inspiration, and comparison opportunities for practitioners looking to initiate or refine their citizen development programs.",9,Limitations/Validity,Evidence related to Platform comparison.,Use as evidence in the Findings section.,4
P013-Q03,P013,GOVERNANCE,Theme assignment,It is crucial for scaling the adoption of LCNC platforms in a manner that maintains governance and manages risks effectively.,5,Method/Approach,Evidence related to Governance and control.,Use as evidence in the Findings section.,4
P013-Q04,P013,ENTERPRISE_ADOPTION,Method,"To explore the nature and architecture of these programs, we conducted a multicase study involving 18 firms and interviewed 22 individuals leading or shaping their respective initiatives.",1,Abstract/Introduction,Evidence related to Enterprise adoption.,Use as evidence in the Findings section.,4
P014-Q01,P014,PLATFORM_COMPARISON,Theme assignment,"This comparison includes key features, target domains, underlying technical architectures, strengths, and notable limitations.",3,Limitations/Validity,Evidence related to Platform comparison.,Use as evidence in the Findings section.,4
P014-Q02,P014,ENTERPRISE_ADOPTION,Theme assignment,"These issues underscore the need for governance frameworks, such as the Adaptive Integrated Digital Architecture Framework (AIDAF), which harmonize low-code initiatives with enterprise-wide IT strategies to mitigate risks and ensure long-term adaptability [22].",2,Abstract/Introduction,Evidence related to Enterprise adoption.,Use as evidence in the Findings section.,4
P014-Q03,P014,MAINTAINABILITY,Theme assignment,"Technical and Maintainability Challenges Low-code platforms, by design, promote rapid application assembly through visual modeling and pre -built components.",8,Abstract/Introduction,Evidence related to Maintainability.,Use as evidence in the Findings section.,4
P014-Q04,P014,PLATFORM_COMPARISON,Method,"Democratizing Digital Transformation: A Multisector Study of Low-Code Adoption Patterns, Limitations, and Emerging Paradigms.",1,Abstract/Introduction,Evidence related to Platform comparison.,Use as evidence in the Findings section.,4
P015-Q01,P015,ENTERPRISE_ADOPTION,Theme assignment,The diverse challenges and potentials make the decision to use low-code complex for an organization’s IT.,2,Method/Approach,Evidence related to Enterprise adoption.,Use as evidence in the Findings section.,4
P015-Q02,P015,GOVERNANCE,Theme assignment,"This democratization of software development presents significant opportunities but also introduces risks, creating a trade-off for IT governance.",1,Abstract/Introduction,Evidence related to Governance and control.,Use as evidence in the Findings section.,4
P015-Q03,P015,PRO_DEV_ROLE,Theme assignment,"With low-code, software applications can be implemented quickly without requiring in-depth programming skills.",1,Abstract/Introduction,Evidence related to Professional developer role change.,Use as evidence in the Findings section.,4
P015-Q04,P015,ENTERPRISE_ADOPTION,Method,"pment: Potentials and Risks of the Low-Code Develo A Systematic Literature Review Stefan Trieflinger1, Dimitri Petrik2[0000-0002-0244-1235], Ebru Polat3, and Bastian Roling4 1 University of Reutlingen, Altenburgstr.",1,Abstract/Introduction,Evidence related to Enterprise adoption.,Use as evidence in the Findings section.,4
P016-Q01,P016,ENTERPRISE_ADOPTION,Theme assignment,"Forstenhäusler, “SIMMI 4.0 - A Maturity Model for Classifying the Enterprise-wide IT and Software Landscape Focusing on Industry 4.0,” in Proceedings of the 2016 Federated Conference on Computer Science and Information Systems (FedCSIS 2016) , 2016, http://dx.doi.org/10.15439/2016F478 . [5] A.",10,Limitations/Validity,Evidence related to Enterprise adoption.,Use as evidence in the Findings section.,4
P016-Q02,P016,PRO_DEV_ROLE,Theme assignment,"In particular, this reduces technical dependencies on IT departments; as a result, professional developers can focus on more strategic and value-adding tasks [18].",2,Method/Approach,Evidence related to Professional developer role change.,Use as evidence in the Findings section.,4
P016-Q03,P016,EDUCATION,Theme assignment,"However, due to a lack of formal programming education and skills, they are often unable to develop digital solutions on their own.",2,Method/Approach,Evidence related to Education and training.,Use as evidence in the Findings section.,4
P016-Q04,P016,ENTERPRISE_ADOPTION,Method,"Specifically, there is a fundamental need for e-gov - ernment services among the German population, as the range of services on offer is too limited: according to the Bitkom survey examining people's preferences regarding ad - ministrative services, 79% of respondents consider Germany to be lagging behind regarding digitalization, and 78% would like to see significantly more investment in the digi - talization of public administration.",1,Abstract/Introduction,Evidence related to Enterprise adoption.,Use as evidence in the Findings section.,4
P017-Q01,P017,INTEGRATION,Theme assignment,BESSER-dashboards: Low-code approach to configure no-code dashboards Our main objective with the BESSER-dashboards is to speed up the development of dashboards and their integration in data-driven projects while guaranteeing that the resulting dashboards can be created and adapted by non-technical stakeholders.,4,Method/Approach,Evidence related to Integration.,Use as evidence in the Findings section.,4
P017-Q02,P017,AI_AUTOMATION,Theme assignment,"In addition to the basic dashboard interaction, an AI-powered multilingual conversational agent is also available on the dashboard.",5,Results/Evaluation,Evidence related to AI and automation.,Use as evidence in the Findings/Future section.,4
P017-Q03,P017,USABILITY_UX,Theme assignment,"In the following sections, we will explore how this approach enables rapid dashboard deployment, enhances usability and adoption, and empowers cities in their climate transition efforts.",4,Method/Approach,Evidence related to Usability and user experience.,Use as evidence in the Findings section.,4
P017-Q04,P017,INTEGRATION,Method,"The Climaborough City Platform is being developed to monitor the cities’ overall progress towards their climate goals by aggregating historic and real-time data and displaying the results in user-friendly dashboards that will be used by non-technical experts to evaluate the effectiveness of local experimental initiatives, identify those that yield significant impact, and assess the potential consequences of scaling them up to a broader level.",1,Abstract/Introduction,Evidence related to Integration.,Use as evidence in the Findings section.,4
P018-Q01,P018,ENTERPRISE_ADOPTION,Theme assignment,"Citizen development is deemed to have supported a seamless embedding of access control policy and generation of code on (including the security of) IoT devices for building a secured enterprise service infrastructure ( Korkan et al., 2020 ; Zolotas et al., 2018 ).",6,Results/Evaluation,Evidence related to Enterprise adoption.,Use as evidence in the Findings section.,4
P018-Q02,P018,PLATFORM_COMPARISON,Theme assignment,"The major comparison between the use of traditional software development and LCNC software development platforms is that the former requires a great deal of manual effort to write codes for developing, testing, and deploying complex software products.",10,Body,Evidence related to Platform comparison.,Use as evidence in the Findings section.,4
P018-Q03,P018,SCALABILITY,Theme assignment,"The benefits of LCNC and CD include process improvement, profit maximization, digital skill development, empowerment, innovation development, usability, customizability, integration, maintenance, and scalability.",2,Method/Approach,Evidence related to Scalability.,Use as evidence in the Findings section.,4
P018-Q04,P018,ENTERPRISE_ADOPTION,Method,"Adoption of low-code and no-code development: A systematic literature review and future research agenda Matthew Oladeji Ajimati * , Noel Carroll , Mary Maher Business Information Systems, J.E.",1,Abstract/Introduction,Evidence related to Enterprise adoption.,Use as evidence in the Findings section.,4
P019-Q01,P019,PLATFORM_COMPARISON,Theme assignment,Democratizing Machine Learning: A Practical Comparison of Low-Code and No-Code Platforms.,1,Abstract/Introduction,Evidence related to Platform comparison.,Use as evidence in the Findings section.,4
P019-Q02,P019,EDUCATION,Theme assignment,"Introduction Artificial intelligence (AI) and machine learning (ML) are experiencing exponential growth, reshaping a wide array of industries ranging from healthcare and finance to education and sports.",1,Abstract/Introduction,Evidence related to Education and training.,Use as evidence in the Findings section.,4
P019-Q03,P019,USABILITY_UX,Theme assignment,"Beyond predictive performance, this study also evaluates usability, setup complexity, the transparency of automated workflows, and cost management under realistic “out-of-the-box” conditions.",1,Abstract/Introduction,Evidence related to Usability and user experience.,Use as evidence in the Findings section.,4
P019-Q04,P019,PLATFORM_COMPARISON,Method,"Beyond predictive performance, this study also evaluates usability, setup complexity, the transparency of automated workflows, and cost management under realistic “out-of-the-box” conditions.",1,Abstract/Introduction,Evidence related to Platform comparison.,Use as evidence in the Findings section.,4
P020-Q01,P020,MDE_VISUAL_PROGRAMMING,Theme assignment,Low-code platforms (latest reincarnation of the long tradition of model-driven engineering approaches) have the potential of saving us countless hours of repetitive boilerplate coding tasks.,1,Abstract/Introduction,Evidence related to Model-driven / visual programming roots.,Use as evidence in the Background section.,4
P020-Q02,P020,PLATFORM_COMPARISON,Theme assignment,"We have witnessed an explosion of low-code tools, mostly targeting Enterprise software [14], with Gartner defining Mendix, OutSystems, Microsoft, ServiceNow, Appian and Salesforce as leaders in this space [11].",2,Limitations/Validity,Evidence related to Platform comparison.,Use as evidence in the Findings section.,4
P020-Q03,P020,AI_AUTOMATION,Theme assignment,This includes the growing need to develop/deploy/integrate Artificial Intelligence (AI) components to support and provide advanced features.,1,Abstract/Introduction,Evidence related to AI and automation.,Use as evidence in the Findings/Future section.,4
P020-Q04,P020,MDE_VISUAL_PROGRAMMING,Method,"Example Jinja Template for Python Generation 1 {% for class in classes %} 2 class {{ class . name }}: 3 def __init__ ( self {% for at tr ib ut e in class . a t t r i b u t e s %} , {{ a tt ri bu te . name }}{% endfor %}) : 4 {% for a tt ri bu te in class . a t t r i b u t e s %} 5 self .{{ a tt ri bu te . name }} = {{ a tt ri bu te . name }} 6 {% endfor %} 7 {% endfor %} 2.3 Running example As an illustrative case study, we draw inspiration from the Digital Product Passport (DPP) initiative [17], an initiative within the European region aimed at 2 https://plantuml.com/ 3 https://modeling-languages.com/image-to-uml-with-llm/ 4 https://palletsprojects.com/p/jinja/",5,Body,Evidence related to Model-driven / visual programming roots.,Use as evidence in the Background section.,4
P021-Q01,P021,AI_AUTOMATION,Theme assignment,"An Empirical Study on Low-Code Programming using Traditional vs Large Language Model Support Yongkun Liua, Jiachi Chena,∗, Tingting Bib,c, John Grundyd, Yanlin Wanga, Jianxing Yue, Ting Chenf, Yutian Tangg, Zibin Zhenga,h aSchool of Software Engineering, Sun Yat-sen University, China bThe University of Melbourne, Australia cThe University of Western Australia, Australia dFaculty of Information Technology, Monash University, Australia eSchool of Artificial Intelligence, Sun Yat-sen University, China fShenzhen Institute for Advanced Study, University of Electronic Science and Technology of China, China gUniversity of Glasgow, United Kingdom hZhuhai Key Laboratory of Trusted Large Language Models, China Abstract Low-code programming (LCP) refers to programming using models at higher levels of abstraction, resulting in less manual and more efficient programming, and reduced learning effor...",1,Abstract/Introduction,Evidence related to AI and automation.,Use as evidence in the Findings/Future section.,4
P021-Q02,P021,PLATFORM_COMPARISON,Theme assignment,"We used the constant comparison method to collect 412 instances related to traditional LCP, and 559 instances related to LLM-based LCP.",2,Abstract/Introduction,Evidence related to Platform comparison.,Use as evidence in the Findings section.,4
P021-Q03,P021,QUALITY_TESTING,Theme assignment,"There are several phases in the software development life cycle, i.e., requirement analysis & planning, design, implementation, deployment, testing, maintenance.",2,Abstract/Introduction,Evidence related to Quality assurance and testing.,Use as evidence in the Findings section.,4
P021-Q04,P021,AI_AUTOMATION,Method,"An Empirical Study on Low-Code Programming using Traditional vs Large Language Model Support Yongkun Liua, Jiachi Chena,∗, Tingting Bib,c, John Grundyd, Yanlin Wanga, Jianxing Yue, Ting Chenf, Yutian Tangg, Zibin Zhenga,h aSchool of Software Engineering, Sun Yat-sen University, China bThe University of Melbourne, Australia cThe University of Western Australia, Australia dFaculty of Information Technology, Monash University, Australia eSchool of Artificial Intelligence, Sun Yat-sen University, China fShenzhen Institute for Advanced Study, University of Electronic Science and Technology of China, China gUniversity of Glasgow, United Kingdom hZhuhai Key Laboratory of Trusted Large Language Models, China Abstract Low-code programming (LCP) refers to programming using models at higher levels of abstraction, resulting in less manual and more efficient programming, and reduced learning effor...",1,Abstract/Introduction,Evidence related to AI and automation.,Use as evidence in the Findings/Future section.,4
P022-Q01,P022,AI_AUTOMATION,Theme assignment,"With the rise of generative AI and Large Language Models (LLMs) and their capabilities, new possibilities emerge on how Low Code Development Platforms (LCDPs) can be improved.",2,Abstract/Introduction,Evidence related to AI and automation.,Use as evidence in the Findings/Future section.,4
P022-Q02,P022,MDE_VISUAL_PROGRAMMING,Theme assignment,"Keywords LLM, AI, low-code development platform, meta-model, model-driven engineering, DSL This is a preprint version.",2,Abstract/Introduction,Evidence related to Model-driven / visual programming roots.,Use as evidence in the Background section.,4
P022-Q03,P022,PLATFORM_COMPARISON,Theme assignment,"The user study’s focus was the comparison of textual modeling with the creation of the desired model and, therefore, application using LLMs and natural language specification.",6,Conclusion/Future work,Evidence related to Platform comparison.,Use as evidence in the Findings section.,4
P022-Q04,P022,AI_AUTOMATION,Method,We conducted a user experiment to compare textual modeling with the use of LLMs for that task.,2,Abstract/Introduction,Evidence related to AI and automation.,Use as evidence in the Findings/Future section.,4
P023-Q01,P023,PLATFORM_COMPARISON,Theme assignment,Direct comparison of the tool with other solutions from the expert’s perspective.,4,Method/Approach,Evidence related to Platform comparison.,Use as evidence in the Findings section.,4
P023-Q02,P023,ENTERPRISE_ADOPTION,Theme assignment,"Our protoype enables the creation of these apps and further enables the organization of users, teams, applications and projects.",2,Method/Approach,Evidence related to Enterprise adoption.,Use as evidence in the Findings section.,4
P023-Q03,P023,EDUCATION,Theme assignment,"We recruited a total of 10 subjects for this study, aged between 21 and 29 years and students at the University of Kassel (9 subjects) or the TH Köln (1 subject), yet with different majors.",5,Limitations/Validity,Evidence related to Education and training.,Use as evidence in the Findings section.,4
P023-Q04,P023,PLATFORM_COMPARISON,Method,"Low-code vs. the developer: An empirical study on the developer experience and efficiency of a no-code platform Till Guthardt till.guthardt@student.uni-kassel.de University of Kassel Kassel, Germany Jens Kosiol jens.kosiol@uni-kassel.de University of Kassel Kassel, Germany Oliver Hohlfeld oliver.hohlfeld@uni-kassel.de University of Kassel Kassel, Germany ABSTRACT The shortage of competent software developers has led to increased interest in Low-Code Development Platforms (LCDPs), which enable application development with no or minimal coding by leveraging pre-built components.",1,Abstract/Introduction,Evidence related to Platform comparison.,Use as evidence in the Findings section.,4
P024-Q01,P024,PLATFORM_COMPARISON,Theme assignment,"To facilitate the comparison of experiences of LCDP use, we propose EDEQ-LCDP, a questionnaire instrument that captures important dimensions of developers’ episodic experience.",2,Method/Approach,Evidence related to Platform comparison.,Use as evidence in the Findings section.,4
P024-Q02,P024,USABILITY_UX,Theme assignment,"Despite the crucial importance of usability in the product’s initial acceptance, aspects of reliability, motivation, comparison with other products, change in behaviour and touch points - how the product communicates with the user, for example by notifications and alerts - are even more crucial for a user to resonate with a product and value it in the long term.",3,Limitations/Validity,Evidence related to Usability and user experience.,Use as evidence in the Findings section.,4
P024-Q03,P024,EDUCATION,Theme assignment,"Thus, professional developers (professionals with an education or career in software development) can benefit from LCDPs as well, for example by being more productive [29].",6,Method/Approach,Evidence related to Education and training.,Use as evidence in the Findings section.,4
P024-Q04,P024,PLATFORM_COMPARISON,Method,"e-Informatica Software Engineering Journal, Volume 18, Issue 1, 2024, pages: 240105, DOI: 10.37190/e-Inf240105 Measuring End-user Developers’ Episodic Experience of a Low-code Development Platform A Preliminary Study Dongmei Gao ∗ , Fabian Fagerholm ∗ ∗Department of Computer Science, Aalto University dongmei.gao@aalto.fi, fabian.fagerholm@aalto.fi Abstract Background: As low-code development platforms (LCDPs) are becoming a trend, understanding how end-user developers think and feel as they work with such platforms is important.",1,Abstract/Introduction,Evidence related to Platform comparison.,Use as evidence in the Findings section.,4
P025-Q01,P025,PLATFORM_COMPARISON,Theme assignment,"Platforms like OutSystems and Mendix enable centralized collaboration and automate build and deployment processes [ 14, 16, 17].",2,Method/Approach,Evidence related to Platform comparison.,Use as evidence in the Findings section.,4
P025-Q02,P025,AI_AUTOMATION,Theme assignment,"Recently, AI-driven natural language processing tools like ChatGPT have emerged as a technology that impacts software development.",10,Body,Evidence related to AI and automation.,Use as evidence in the Findings/Future section.,4
P025-Q03,P025,ENTERPRISE_ADOPTION,Theme assignment,"Using LowCode and NoCode Tools in DevOps: A Multivocal Literature … 79 • Nintex: This LCP is for process management and workflow automation [PS3], [PS5]. • Appian: This LCP enables quick deployment of enterprise applications using drag-and-drop tools, templates, and reusable components ([PS4], [PS5], [PS6], [PS10]). • Joget DX: This platform blends LC application development with business process automation and workflow customization [PS11]. • Stackstorm: This platform focuses on event-driven automation with sensors, triggers, actions, rules, workflows, and audits [PS11]. • OpenCatapult: This platform is an open-source LC DevOps automation platform for managing routine tasks [PS11]. • Mendix is a key player in the LC development field, offering features like cloudnative development, mobile development, and process automation for LC DevOps ([PS2], [PS7], [PS9], [PS10]). • Amazon Web Se...",9,Body,Evidence related to Enterprise adoption.,Use as evidence in the Findings section.,4
P025-Q04,P025,PLATFORM_COMPARISON,Method,"Using LowCode and NoCode Tools in DevOps: A Multivocal Literature Review Muhammad Waqas, Zohaib Ali, Mary Sánchez-Gordón, and Monica Kristiansen Abstract DevOps and Low-code/No-code tools are two trends that are gaining interest in both academic and industry environments.",1,Abstract/Introduction,Evidence related to Platform comparison.,Use as evidence in the Findings section.,4
P026-Q01,P026,PLATFORM_COMPARISON,Theme assignment,"Comparison of LCDPs In this study, we investigate four LCDPs.",13,Limitations/Validity,Evidence related to Platform comparison.,Use as evidence in the Findings section.,4
P026-Q02,P026,QUALITY_TESTING,Theme assignment,A proportion of LCDPs offer testing tools and techniques; some studies have introduced the concept of “low-code testing” [9].,2,Limitations/Validity,Evidence related to Quality assurance and testing.,Use as evidence in the Findings section.,4
P026-Q03,P026,EDUCATION,Theme assignment,"To reduce personal biases, we employ three postgraduate students majoring in software engineering to label each bug independently.",4,Results/Evaluation,Evidence related to Education and training.,Use as evidence in the Findings section.,4
P026-Q04,P026,PLATFORM_COMPARISON,Method,"An Empirical Study of Low-Code Development Platform Bugs Dong Liu, He Jiang , Member , IEEE, Shikai Guo , Y uting Chen, and Lei Qiao Abstract-Low-code development platforms (LCDPs) are increasingly being introduced and leveraged by major IT enterprises to lower the threshold and promote the efficiency of software development.",1,Abstract/Introduction,Evidence related to Platform comparison.,Use as evidence in the Findings section.,4
P027-Q01,P027,AI_AUTOMATION,Theme assignment,"Combining low-code development with ChatGPT to novel no-code approaches: A focus-group study Jos ´e Martins a , b , Frederico Branco a , c , Henrique Mamede a , d , * a INESC TEC - Institute for Systems and Computer Engineering, Technology and Science, 4200-465 Porto, Portugal b Instituto Polit ´ecnico de Bragança, Campus de Santa Apol ´onia, 5300-253 Bragança, Portugal c Department of Engineering, School of Sciences and Technology, Universidade de Tr ´as-os-Montes e Alto Douro, 5000-801 Vila Real, Portugal d CEG-UAb, Universidade Aberta, Rua da Escola Polit ´ecnica, 147, 1269-001 Lisboa, Portugal ARTICLE INFO Keywords: Low-code No-code Artificial intelligence Software models ChatGPT LLM ABSTRACT Low-code tools are a trend in software development for business solutions due to their agility and ease of use.",1,Abstract/Introduction,Evidence related to AI and automation.,Use as evidence in the Findings/Future section.,4
P027-Q02,P027,PLATFORM_COMPARISON,Theme assignment,They were asked to compare the outcomes of using the item in an organization against the results of not utilizing it or some other comparable tool or approach.,7,Limitations/Validity,Evidence related to Platform comparison.,Use as evidence in the Findings section.,4
P027-Q03,P027,EDUCATION,Theme assignment,"In this scenario, six participants were chosen to represent the per - spectives inherent to developing software solutions with low-code platforms: higher education professors, researchers, end-users, de - velopers, and platform developers (see Table 4 ).",6,Method/Approach,Evidence related to Education and training.,Use as evidence in the Findings section.,4
P027-Q04,P027,AI_AUTOMATION,Method,"Combining low-code development with ChatGPT to novel no-code approaches: A focus-group study Jos ´e Martins a , b , Frederico Branco a , c , Henrique Mamede a , d , * a INESC TEC - Institute for Systems and Computer Engineering, Technology and Science, 4200-465 Porto, Portugal b Instituto Polit ´ecnico de Bragança, Campus de Santa Apol ´onia, 5300-253 Bragança, Portugal c Department of Engineering, School of Sciences and Technology, Universidade de Tr ´as-os-Montes e Alto Douro, 5000-801 Vila Real, Portugal d CEG-UAb, Universidade Aberta, Rua da Escola Polit ´ecnica, 147, 1269-001 Lisboa, Portugal ARTICLE INFO Keywords: Low-code No-code Artificial intelligence Software models ChatGPT LLM ABSTRACT Low-code tools are a trend in software development for business solutions due to their agility and ease of use.",1,Abstract/Introduction,Evidence related to AI and automation.,Use as evidence in the Findings/Future section.,4
P028-Q01,P028,PLATFORM_COMPARISON,Theme assignment,"Algorithms 2023, 16, 108 2 of 23 Mendix [9] in 2018, and Google announced AppSheet [10], in 2020 as seen from Figure 1.",2,Limitations/Validity,Evidence related to Platform comparison.,Use as evidence in the Findings section.,4
P028-Q02,P028,CITIZEN_DEV,Theme assignment,"Apart from terminologies, such as LCNC, LCDP and LCAP , there are several other popular notions, such as “citizen developer”, “robotic process automation (RPA)”, “IT-business alignment”, and “business process management (BPM)” interchangeably being used to represent the concept of low-code-no-code development in recent times [11].",2,Limitations/Validity,Evidence related to Citizen development.,Use as evidence in the Themes section.,4
P028-Q03,P028,ENTERPRISE_ADOPTION,Theme assignment,"Often the business leaders have detailed, lengthy, and complex requirements for an organization’s digital footprint in the future.",5,Limitations/Validity,Evidence related to Enterprise adoption.,Use as evidence in the Findings section.,4
P028-Q04,P028,PLATFORM_COMPARISON,Method,Algorithms in Low-Code-No-Code for Research Applications: A Practical Review.,1,Abstract/Introduction,Evidence related to Platform comparison.,Use as evidence in the Findings section.,4
P029-Q01,P029,PLATFORM_COMPARISON,Theme assignment,"For selecting the platform, the following suggestions are available in the literature: • Use feature lists to facilitate comparison and selection.",12,Method/Approach,Evidence related to Platform comparison.,Use as evidence in the Findings section.,4
P029-Q02,P029,MAINTAINABILITY,Theme assignment,"Maintenance - maintenance is provided once the application is released, and if functionality should be extended, additional features can be added, or a new iteration can be initiated.",9,Method/Approach,Evidence related to Maintainability.,Use as evidence in the Findings section.,4
P029-Q03,P029,ENTERPRISE_ADOPTION,Theme assignment,"The most common are web, mobile, enterprise services, business processes, and IoT.",10,Body,Evidence related to Enterprise adoption.,Use as evidence in the Findings section.,4
P029-Q04,P029,PLATFORM_COMPARISON,Method,"Complex Systems Informatics and Modeling Quarterly (CSIMQ) eISSN: 2255-9922 Published online by RTU Press, https://csimq-journals.rtu.lv Article 200, Issue 36, September/October 2023, Pages 68-86 https://doi.org/10.7250/csimq.2023-36.04 Exploring Low-Code Development: A Comprehensive Literature Review Karlis Rokis1 and Marite Kirikova2* 1 Alumni of Riga Technical University, 6A Kipsalas Street, Riga, LV-1048, Latvia 2 Institute of Applied Computer Systems, Riga Technical University, 6A Kipsalas Street, Riga, LV-1048, Latvia rokis.karlis@gmail.com, marite.kirikova@rtu.lv Abstract.",1,Abstract/Introduction,Evidence related to Platform comparison.,Use as evidence in the Findings section.,4
P030-Q01,P030,PLATFORM_COMPARISON,Theme assignment,We have expanded our literature review with a comparison of key metrics around our observed LCSD topics against those previously reported for other domains while using the SO data (see Section 7.2).,5,Results/Evaluation,Evidence related to Platform comparison.,Use as evidence in the Findings section.,4
P030-Q02,P030,INTEGRATION,Theme assignment,"First, we find 40 LCSD topics that we group into five categories: Application Customization, Database and File Management, Platform Adoption, Platform Maintenance, and Third-party API Integration.",1,Abstract/Introduction,Evidence related to Integration.,Use as evidence in the Findings section.,4
P030-Q03,P030,MAINTAINABILITY,Theme assignment,"First, we find 40 LCSD topics that we group into five categories: Application Customization, Database and File Management, Platform Adoption, Platform Maintenance, and Third-party API Integration.",1,Abstract/Introduction,Evidence related to Maintainability.,Use as evidence in the Findings section.,4
P030-Q04,P030,PLATFORM_COMPARISON,Method,"As it is a relatively new paradigm, it is vital to study developers’ diﬃculties when adopting LCSD platforms.",1,Abstract/Introduction,Evidence related to Platform comparison.,Use as evidence in the Findings section.,4
P031-Q01,P031,AI_AUTOMATION,Theme assignment,"ACM, New York, NY, USA, 14 pages. https://doi.org/XXXXXXX.XXXXXXX 1 INTRODUCTION Recent advancements in artificial intelligence (AI)-particularly in large language models (LLMs) and multi-agent systems-have significantly expanded the range of tasks that can be automated or supported through intelligent systems [22].",1,Abstract/Introduction,Evidence related to AI and automation.,Use as evidence in the Findings/Future section.,4
P031-Q02,P031,USABILITY_UX,Theme assignment,"AIAP reduces cognitive load and enhances usability through three core features: (1) AI-generated suggestions that convert natural language inputs into structured, actionable steps; (2) a modular, node-based visual interface that facilitates intuitive service construction and debugging; and (3) automatic identification and linking of data, actions, and context via intelligent multi-agent collaboration.",2,Limitations/Validity,Evidence related to Usability and user experience.,Use as evidence in the Findings section.,4
P031-Q03,P031,INTEGRATION,Theme assignment,"2 RELATED WORK This section reviews the concept of visual programming, explores the integration of LLMs into visual environments, and examines the cognitive challenges associated with natural language-based LLM interfaces.",2,Limitations/Validity,Evidence related to Integration.,Use as evidence in the Findings section.,4
P031-Q04,P031,AI_AUTOMATION,Method,"A user study involving 32 participants showed that AIAP’s AI-generated suggestions, modular workflows, and automatic identification of data, actions, and context significantly improved participants’ ability to develop services intuitively.",1,Abstract/Introduction,Evidence related to AI and automation.,Use as evidence in the Findings/Future section.,4
P032-Q01,P032,PLATFORM_COMPARISON,Theme assignment,"And how can we compare different agent architectures and collaboration protocols? • Understanding and quantifying the impact of multi-agent system design decisions: These questions include determining the optimal number and composition of agents for a given problem, the best way to distribute responsibilities and coordinate actions among agents, and the trade-offs between centralized and decentralized control or between homogeneous and heterogeneous agents. • Optimizing of multi-agent systems: Research directions here include the dynamic generation of agents based on task requirements and available resources, tuning workflow configurations to achieve the best performance, and adapting agent teams to changing environments and user preferences.",6,Limitations/Validity,Evidence related to Platform comparison.,Use as evidence in the Findings section.,4
P032-Q02,P032,AI_AUTOMATION,Theme assignment,"Proceedings of the 2024 Conference on Empirical Methods in Natural Language Processing System Demonstrations, pages 72-79 November 12-16, 2024 ©2024 Association for Computational Linguistics AUTO GEN STUDIO : A No-Code Developer Tool for Building and Debugging Multi-Agent Systems Victor Dibia, Jingya Chen, Gagan Bansal, Suff Syed, Adam Fourney, Erkang Zhu, Chi Wang, Saleema Amershi Microsoft Research, Redmond, United States {victordibia, jingyachen, gaganbansal, suffsyed, adam.fourney, erkang.zhu, chiw, samershi}@microsoft.com Abstract Multi-agent systems, where multiple agents (generative AI models + tools) collaborate, are emerging as an effective pattern for solving long-running, complex tasks in numerous domains.",1,Abstract/Introduction,Evidence related to AI and automation.,Use as evidence in the Findings/Future section.,4
P032-Q03,P032,INTEGRATION,Theme assignment,AUTO GEN STUDIO offers a web interface and a Python API for representing LLM-enabled agents using a declarative (JSON-based) specification.,1,Abstract/Introduction,Evidence related to Integration.,Use as evidence in the Findings section.,4
P032-Q04,P032,PLATFORM_COMPARISON,Method,"To address this challenge, we present AUTO GEN STUDIO , a no-code developer tool for rapidly prototyping, debugging, and evaluating multi-agent workflows built upon the AUTO GEN framework.",1,Abstract/Introduction,Evidence related to Platform comparison.,Use as evidence in the Findings section.,4
P033-Q01,P033,AI_AUTOMATION,Theme assignment,"Keywords Model-driven engineering, large language models, low-code, semiformal, artificial intelligence ACM Reference Format: Thomas Buchmann, René Peinl, and Felix Schwägerl.",1,Abstract/Introduction,Evidence related to AI and automation.,Use as evidence in the Findings/Future section.,4
P033-Q02,P033,PLATFORM_COMPARISON,Theme assignment,"For all three tasks, GPT4 performs similarly to or better than the benchmark, i.e., specific applications for the respective task.",2,Limitations/Validity,Evidence related to Platform comparison.,Use as evidence in the Findings section.,4
P033-Q03,P033,CITIZEN_DEV,Theme assignment,"White-box LLM-supported Low-code Engineering: A Vision and First Insights Thomas Buchmann∗ thomas.buchmann@hofuniversity.de Hof University of Applied Sciences Hof, Germany René Peinl∗ rene.peinl@hof-university.de Hof University of Applied Sciences Hof, Germany Felix Schwägerl∗ felix.schwaegerl@oth-regensburg.de OTH Regensburg Regensburg, Germany Abstract Low-code development (LCD) platforms promise to empower citizen developers to define core domain models and rules for business applications.",1,Abstract/Introduction,Evidence related to Citizen development.,Use as evidence in the Themes section.,4
P033-Q04,P033,AI_AUTOMATION,Method,"We report on a case study in manufacturing execution systems, where the implementation of the approach provides first insights.",1,Abstract/Introduction,Evidence related to AI and automation.,Use as evidence in the Findings/Future section.,4
P034-Q01,P034,PLATFORM_COMPARISON,Theme assignment,"For example, LCPs like Mendix, OutSystems, and PowerApps are positioned as market leaders and are among the most widely used across different industries in areas such as process automation, financial services, public sector industries, and others.",2,Limitations/Validity,Evidence related to Platform comparison.,Use as evidence in the Findings section.,4
P034-Q02,P034,MDE_VISUAL_PROGRAMMING,Theme assignment,"Keywords: Low-code · Interoperability · Data model · Vendor lock-in 1 Introduction Model-drivenapproachessuchasmodel-drivenengineering(MDE),model-driven architecture (MDA) or model-driven development (MDD) aim to streamline and optimize the delivery of applications from design through development, deployment, and operation by leveraging models at different levels of abstraction [5].",1,Abstract/Introduction,Evidence related to Model-driven / visual programming roots.,Use as evidence in the Background section.,4
P034-Q03,P034,AI_AUTOMATION,Theme assignment,This autocompletion could be done with AI techniques or simpler heuristic-based rules [9].,12,Limitations/Validity,Evidence related to AI and automation.,Use as evidence in the Findings/Future section.,4
P034-Q04,P034,PLATFORM_COMPARISON,Method,"In this paper, we study the interoperability between the emergent market of low-code tools as it can have a significant impact in the adoption and long-term success of this new model-based style of software development.",2,Limitations/Validity,Evidence related to Platform comparison.,Use as evidence in the Findings section.,4
P035-Q01,P035,AI_AUTOMATION,Theme assignment,"Further, for those TAP requests including unknown sensing abilities, ChatIoT can also generate new AI models with knowledge distillation by multimodal LLMs, with a novel model customization method based on deep reinforcement learning.",1,Method/Approach,Evidence related to AI and automation.,Use as evidence in the Findings/Future section.,4
P035-Q02,P035,COST_ROI,Theme assignment,"Wang et al. [55] reveal that LLM has the capability to assist or replace human efforts in producing vast amounts of high-quality, human-like content more rapidly and cost-effectively.",2,Method/Approach,Evidence related to Cost and business value.,Use as evidence in the Findings section.,4
P035-Q03,P035,EDUCATION,Theme assignment,"Based on large-scale pre-training on massive text corpora and reinforcement learning from human feedback (RLHF), LLMs can produce superior capability in language understanding, generation, interaction, and reasoning.",7,Method/Approach,Evidence related to Education and training.,Use as evidence in the Findings section.,4
P035-Q04,P035,AI_AUTOMATION,Method,"Further, for those TAP requests including unknown sensing abilities, ChatIoT can also generate new AI models with knowledge distillation by multimodal LLMs, with a novel model customization method based on deep reinforcement learning.",1,Method/Approach,Evidence related to AI and automation.,Use as evidence in the Findings/Future section.,4
P036-Q01,P036,AI_AUTOMATION,Theme assignment,"Towards No-Code Programming of Cobots: Experiments with Code Synthesis by Large Code Models for Conversational Programming Chalamalasetti Kranti1,*, Sherzod Hakimov 1 and David Schlangen 1,2 1Computational Linguistics, Department of Linguistics, University of Potsdam, Germany 2German Research Center for Artificial Intelligence (DFKI), Berlin, Germany Abstract While there has been a lot of research recently on robots in household environments, at the present time, most robots in existence can be found on shop floors, and most interactions between humans and robots happen there. “Collaborative robots” (cobots) designed to work alongside humans on assembly lines traditionally require expert programming, limiting ability to make changes, or manual guidance, limiting expressivity of the resulting programs.",1,Abstract/Introduction,Evidence related to AI and automation.,Use as evidence in the Findings/Future section.,4
P036-Q02,P036,EDUCATION,Theme assignment,"While historically methods have relied on domain-specific model training and learning by demonstration, these techniques often fall short due to their extensive data needs and inability to handle complex instructions [4, 5, 6, 7].",1,Abstract/Introduction,Evidence related to Education and training.,Use as evidence in the Findings section.,4
P036-Q03,P036,LIMITATIONS_GAPS,Theme assignment,"To address these limitations, we explore using Large Language Models (LLMs), and in particular, their abilities of doing in-context learning, for conversational code generation.",1,Abstract/Introduction,Evidence related to Limitations and research gaps.,Use as evidence in the Gaps section.,4
P036-Q04,P036,AI_AUTOMATION,Method,"With this, we systematically evaluate the capabilities of state-of-the-art LLMs for synthesising this kind of code, given in-context examples.",1,Abstract/Introduction,Evidence related to AI and automation.,Use as evidence in the Findings/Future section.,4
P037-Q01,P037,EDUCATION,Theme assignment,The contrast between accessibility and practicality creates both opportunities and challenges in the rapidly changing field of machine learning education and application development.,2,Limitations/Validity,Evidence related to Education and training.,Use as evidence in the Findings section.,4
P037-Q02,P037,USABILITY_UX,Theme assignment,"The subsequent section discusses the functionality and usability aspects of asanAI, followed by explanation of the key factors considered during the implementation of the toolkit.",2,Limitations/Validity,Evidence related to Usability and user experience.,Use as evidence in the Findings section.,4
P037-Q03,P037,PLATFORM_COMPARISON,Theme assignment,"As an open-source software, users can modify and adaptasanAI to their needs, making it a valuable tool for both beginners and experts in the field.",1,Abstract/Introduction,Evidence related to Platform comparison.,Use as evidence in the Findings section.,4
P037-Q04,P037,EDUCATION,Method,"Users can quickly experiment with neural networks and train custom models using various data sources, supported by intuitive visualizations of network structures and data flows. asanAI simplifies the teaching of ML concepts in educational settings and is released under an opensource MIT license, encouraging modifications.",1,Abstract/Introduction,Evidence related to Education and training.,Use as evidence in the Findings section.,4
P038-Q01,P038,AI_AUTOMATION,Theme assignment,"arXiv:2505.21419v2 [cs.AI] 28 May 2025 Diagnosing and Resolving Cloud Platform Instability with Multi-modal RAG LLMs Yifan Wang wangyifan@cs.cornell.edu Computer Science Department, Cornell University Ithaca, NY, USA Kenneth P.",1,Abstract/Introduction,Evidence related to AI and automation.,Use as evidence in the Findings/Future section.,4
P038-Q02,P038,PLATFORM_COMPARISON,Theme assignment,Data Modes Accuracy Cost (cents) Time (s) Telemetric Data Only 0.34 2.81 4.67 Log Only 0.72 2.31 4.16 Telemetric Data + Log 0.74 2.89 4.89 Table 1: Comparison of the efficacy via utilizing different modes of data.,6,Conclusion/Future work,Evidence related to Platform comparison.,Use as evidence in the Findings section.,4
P038-Q03,P038,EDUCATION,Theme assignment,"The task is challenging for several reasons: multi-modal language models are still in an a very early stage, and there is a lack of a significant lack of high-quality training data sets for our setting.",1,Abstract/Introduction,Evidence related to Education and training.,Use as evidence in the Findings section.,4
P038-Q04,P038,AI_AUTOMATION,Method,Step-wise evaluations show that ARCA outperforms state-of-the-art alternatives.,1,Abstract/Introduction,Evidence related to AI and automation.,Use as evidence in the Findings/Future section.,4
P039-Q01,P039,PLATFORM_COMPARISON,Theme assignment,"In comparison, visual inputs and representations are unambiguous [20], requiring no probabilistic interpretation, so users can easily understand and manipulate the results returned by LowCoderNL.",4,Results/Evaluation,Evidence related to Platform comparison.,Use as evidence in the Findings section.,4
P039-Q02,P039,AI_AUTOMATION,Theme assignment,AI for Low-Code for AI Nikitha Rao nikitharao@cmu.edu Carnegie Mellon University United States Jason Tsay jason.tsay@ibm.com IBM Research United States Kiran Kate kakate@us.ibm.com IBM Research United States Vincent J.,1,Abstract/Introduction,Evidence related to AI and automation.,Use as evidence in the Findings/Future section.,4
P039-Q03,P039,MDE_VISUAL_PROGRAMMING,Theme assignment,"At their intersection, we propose LowCoder, the first low-code tool for developing AI pipelines that supports both a visual programming interface (LowCoderVP) and an AI-powered natural language interface (LowCoderNL).",1,Abstract/Introduction,Evidence related to Model-driven / visual programming roots.,Use as evidence in the Background section.,4
P039-Q04,P039,PLATFORM_COMPARISON,Method,We leverage this tool to provide some of the first insights into whether and how these two modalities help programmers by conducting a user study.,1,Abstract/Introduction,Evidence related to Platform comparison.,Use as evidence in the Findings section.,4
P040-Q01,P040,AI_AUTOMATION,Theme assignment,INTRODUCTION The rapid advancement of artificial intelligence (AI) technologies has highlighted the importance of Large Language Models (LLMs) across various fields.,1,Limitations/Validity,Evidence related to AI and automation.,Use as evidence in the Findings/Future section.,4
P040-Q02,P040,PLATFORM_COMPARISON,Theme assignment,2.4.2 Comparison of Workflow-based AI Multi-Agent No-Code Platforms Effective implementation of MAS through No-Code platforms requires an intuitive drag-and-drop interface that provides an environment for organically linking various agents around workflows.,7,Limitations/Validity,Evidence related to Platform comparison.,Use as evidence in the Findings section.,4
P040-Q03,P040,ENTERPRISE_ADOPTION,Theme assignment,These advancements are driving significant transformations in enterprise environments.,1,Limitations/Validity,Evidence related to Enterprise adoption.,Use as evidence in the Findings section.,4
P040-Q04,P040,AI_AUTOMATION,Method,"1 2025.01 Beyond Text: Implementing Multimodal Large Language Model-Powered Multi-Agent Systems Using a No-Code Platform Cheonsu Jeong1,* 1Department of AI Automation, SAMSUNG SDS, Seoul, South Korea This study proposes the design and implementation of a multimodal LLM -based Multi-Agent System (MAS) using a No-Code platform to address the practical constraints and significant entry barriers in the process of AI technology adoption within enterprises.",1,Limitations/Validity,Evidence related to AI and automation.,Use as evidence in the Findings/Future section.,4
P041-Q01,P041,AI_AUTOMATION,Theme assignment,"Memory Management and Contextual Consistency for Long-Running Low-Code Agents Jiexi Xu University of California, Irvine School of Information & Computer Science jiexix@uci.edu October 1, 2025 Abstract The rise of AI-native Low-Code/No-Code (LCNC) platforms enables autonomous agents capable of executing complex, long-duration business processes.",1,Abstract/Introduction,Evidence related to AI and automation.,Use as evidence in the Findings/Future section.,4
P041-Q02,P041,PLATFORM_COMPARISON,Theme assignment,5.3 Results and Analysis Table 1: Comparison of Key Performance Indicators Across Strategies Metric Sliding Window Basic RAG Our Hybrid System Task Completion Rate (%) 65.2 81.4 92.5 Average Token Cost (per turn) 580 1150 890 Latency (ms) 120 250 200 Consistency Score (Semantic) 0.78 0.89 0.94 Contradiction Rate (%) 18.1 5.5 1.2 The results in Table 1 show a clear hierarchy of performance.,7,Results/Evaluation,Evidence related to Platform comparison.,Use as evidence in the Findings section.,4
P041-Q03,P041,CITIZEN_DEV,Theme assignment,"Keywords:LCNC Agents, Memory Management, Contextual Consistency, Large Language Models (LLMs), Hybrid Memory Architecture, Human-in-the-Loop (HITL) 1 Introduction 1.1 The Paradigm Shift of LCNC Agents Over the past decade, Low-Code/No-Code (LCNC) platforms have democratized software development by allowing ""citizen developers"" to construct applications using visual metaphors rather than code [1, 2].",1,Abstract/Introduction,Evidence related to Citizen development.,Use as evidence in the Themes section.,4
P041-Q04,P041,AI_AUTOMATION,Method,"The key contributions of this work include: •A multi-component, hybrid memory architecture that models the agent’s knowledge using distinct episodic and semantic memory stores. •An""Intelligent Decay""mechanism, a formalized mathematical model inspired by active forgetting processes in cognitive science, which proactively prunes and consolidates memories based on a composite utility score. •A user-centric visualization interface that allows non-technical users to act as Human-in-theLoop (HITL) evaluators, directly influencing the agent’s memory by intuitively tagging which facts should be retained or forgotten.",2,Limitations/Validity,Evidence related to AI and automation.,Use as evidence in the Findings/Future section.,4
P042-Q01,P042,PLATFORM_COMPARISON,Theme assignment,"The following analysis is based on a full-dataset evaluation, which provides a more accurate and comprehensive comparison.",5,Results/Evaluation,Evidence related to Platform comparison.,Use as evidence in the Findings section.,4
P042-Q02,P042,AI_AUTOMATION,Theme assignment,"Keywords:AI Agents, Metacognition, Low-Code, Human-in-the-Loop, Failure Prediction, Explainable AI 1 Introduction 1.1 The Challenge of Non-Deterministic Agents The widespread adoption of large language models (LLMs) has enabled the creation of sophisticated AI agents capable of automating complex, multi-step tasks.",1,Abstract/Introduction,Evidence related to AI and automation.,Use as evidence in the Findings/Future section.,4
P042-Q03,P042,ETHICS_ACCESSIBILITY,Theme assignment,The report discusses the practical and ethical implications of this approach and identifies key directions for future research.,1,Abstract/Introduction,Evidence related to Ethics and accessibility.,Use as evidence in the Findings section.,4
P042-Q04,P042,PLATFORM_COMPARISON,Method,1.3 Core Hypothesis and Contributions The central hypothesis of this study is that adding a metacognitive layer will significantly enhance the resilience of LCNC agents by predicting and mitigating failures through a proactive human handoff.,2,Method/Approach,Evidence related to Platform comparison.,Use as evidence in the Findings section.,4
P043-Q01,P043,INTEGRATION,Theme assignment,Cognitive Integration: A language should include some explicit mechanisms to support the integration of information from,3,Conclusion/Future work,Evidence related to Integration.,Use as evidence in the Findings section.,4
P043-Q02,P043,PLATFORM_COMPARISON,Theme assignment,This last empirical study is the one where we finally evaluated the three research questions presented in section 4.1. f) Usability and cognitive effort comparison: The original and the proposed BPT were compared in terms of their usability and of the cognitive effort associated in using them.,4,Method/Approach,Evidence related to Platform comparison.,Use as evidence in the Findings section.,4
P043-Q03,P043,MDE_VISUAL_PROGRAMMING,Theme assignment,"The DSLs allow users to model different perspectives such as interfaces and data models, define custom business logic and construct process models.Problem: The DSL for process modelling (Business Process Technology (BPT)), has a low adoption rate and is perceived as having usability problems hampering its adoption.",1,Abstract/Introduction,Evidence related to Model-driven / visual programming roots.,Use as evidence in the Background section.,4
P043-Q04,P043,INTEGRATION,Method,"Method: We used a combination of interviews, a critical review of BPT using the “Physics of Notation” and empirical evaluations of BPT using the System Usability Scale (SUS) and the NASA Task Load indeX (TLX), to develop a new version of BPT, taking these inputs and Outsystems’ engineers culture into account.",1,Abstract/Introduction,Evidence related to Integration.,Use as evidence in the Findings section.,4
P044-Q01,P044,AI_AUTOMATION,Theme assignment,"Modern artificial intelligence (AI) technologies, especially large language models (LLM), are expected to have immense potential for digitalization in businesses.",2,Limitations/Validity,Evidence related to AI and automation.,Use as evidence in the Findings/Future section.,4
P044-Q02,P044,EDUCATION,Theme assignment,"A further strand of research investigatesLLMs as educational tools for novice programmers[FA24,Pr24,Ng24,Ch24].Forexample,[ FA24]examinehowundergraduatestudents use LLMs to complete beginner-level programming tasks, deriving insights for future programming education.",4,Method/Approach,Evidence related to Education and training.,Use as evidence in the Findings section.,4
P044-Q03,P044,PLATFORM_COMPARISON,Theme assignment,"Notably, Lovable.dev is the commercial successor to GPT-Engineer, an open-source command-line tool for AI-driven code generation and execution based on natural language software specifications, available on GitHub [Os23].",4,Method/Approach,Evidence related to Platform comparison.,Use as evidence in the Findings section.,4
P044-Q04,P044,AI_AUTOMATION,Method,"To explore this, we conducted a case study in which non-programmers were asked to develop a basic web app through interaction with AI assistants.The majority of study participants successfully completed the task in reasonable time and also expressed support for AI-assisted end-user coding as a viable approach for end-user development.",1,Abstract/Introduction,Evidence related to AI and automation.,Use as evidence in the Findings/Future section.,4
P045-Q01,P045,PLATFORM_COMPARISON,Theme assignment,"In a qualitative comparison and a head-to-head study against a plain Jupyter notebook baseline, we show that the framework reduces authoring effort while maintaining comparable runtime and memory behavior.",1,Abstract/Introduction,Evidence related to Platform comparison.,Use as evidence in the Findings section.,4
P045-Q02,P045,DOMAIN_SPECIFIC,Theme assignment,"1 A Configuration-First Framework for Reproducible, Low-Code Machine Learning: a Localization Use Case Tim Strnad, Blaž Bertalani ˇc, and Carolina Fortuna Abstract-As machine learning (ML) becomes the backbone of critical applications-ranging from logistics to healthcare it becomes even more important to keep the results credible and comparable.",1,Abstract/Introduction,Evidence related to Domain-specific use.,Use as evidence in the Findings section.,4
P045-Q03,P045,EDUCATION,Theme assignment,"Furthermore, using a Bluetooth lowenergy dataset we show that scaling across training data (1× to10×) keeps orchestration overheads bounded as data grows.",1,Abstract/Introduction,Evidence related to Education and training.,Use as evidence in the Findings section.,4
P045-Q04,P045,PLATFORM_COMPARISON,Method,"Everyday workflows should make rigorous experiment specification and exact repeatability the default, without blocking advanced experimentation.",1,Abstract/Introduction,Evidence related to Platform comparison.,Use as evidence in the Findings section.,4
P046-Q01,P046,ENTERPRISE_ADOPTION,Theme assignment,"This team included one of the managers of the volunteering organization (“Kulanu Y achad”), a student who works in the organization as an operator, who receives the requests via phone calls and matches them with volunteers, and the first author, who joined the team as an RE expert.",3,Method/Approach,Evidence related to Enterprise adoption.,Use as evidence in the Findings section.,4
P046-Q02,P046,PLATFORM_COMPARISON,Theme assignment,Rapid application development (RAD) and no-code development (NCD) platforms aim to provide drag-and-drop tools to enable users in a constrained domain to develop applications by assembling pre-coded components [ 5].,1,Abstract/Introduction,Evidence related to Platform comparison.,Use as evidence in the Findings section.,4
P046-Q03,P046,PRO_DEV_ROLE,Theme assignment,Low and no-code software development has changed the dynamics of software engineering by introducing the capability of nonprofessional developers to rapidly build tools without having a programming background [ 9].,2,Conclusion/Future work,Evidence related to Professional developer role change.,Use as evidence in the Findings section.,4
P046-Q04,P046,ENTERPRISE_ADOPTION,Method,"Requirements Engineering for No-Code Development (RE4NCD) A Case Study of Rapid Application Development During War Meira Levy1,2(B) and Irit Hadar2 1 Shenkar, College of Engineering, Design and Art, 5252626 Ramat Gan, Israel lmeira@shenkar.ac.il 2 University of Haifa, City Campus, 3303220 Haifa, Israel Abstract.",1,Abstract/Introduction,Evidence related to Enterprise adoption.,Use as evidence in the Findings section.,4
P047-Q01,P047,PLATFORM_COMPARISON,Theme assignment,They outline the features that facilitate the selection and comparison of different LCDPs.,8,Body,Evidence related to Platform comparison.,Use as evidence in the Findings section.,4
P047-Q02,P047,EDUCATION,Theme assignment,"To do this, we relied on the implementation of the education case study with the two LCDPs.",8,Body,Evidence related to Education and training.,Use as evidence in the Findings section.,4
P047-Q03,P047,CITIZEN_DEV,Theme assignment,"Emerging New Roles for Low-Code Software Development Platforms Jean-Marie Mottu jean-marie.mottu@ls2n.fr Nantes Université, IMT Atlantique, CNRS, LS2N, UMR 6004 Nantes, France Gerson Sunyé gerson.sunye@ls2n.fr Nantes Université, CNRS, LS2N, UMR 6004 Nantes, France ABSTRACT Low- and no-code development platforms have introduced two new development roles: the platform engineer and the citizen developer.",2,Abstract/Introduction,Evidence related to Citizen development.,Use as evidence in the Themes section.,4
P047-Q04,P047,PLATFORM_COMPARISON,Method,"For example, while a teacher spends most of her time with students, preparing her lessons or evaluating their work (for example, through quizzes), educational engineers are focused on assisting teachers by creating new methods and tools.",3,Limitations/Validity,Evidence related to Platform comparison.,Use as evidence in the Findings section.,4
P048-Q01,P048,DOMAIN_SPECIFIC,Theme assignment,"Developers can build apps in industries like finance, healthcare, and supply chain where transparency and trust are crucial by utilizing the decentralized characteristics of blockchain.",10,Method/Approach,Evidence related to Domain-specific use.,Use as evidence in the Findings section.,4
P048-Q02,P048,PRODUCTIVITY_SPEED,Theme assignment,"These platforms streamline development, offering benefits like faster time-to-market, reduced technical barriers, and broader participation in software creation, even for those without traditional coding skills.",1,Method/Approach,Evidence related to Productivity and speed.,Use as evidence in the Findings section.,4
P048-Q03,P048,AI_AUTOMATION,Theme assignment,"Emerging AI and ML Features Due to their capacity to automate processes, improve user experiences, and enhance decision-making, artificial intelligence (AI) and machine learning (ML) features in low-code development platforms are becoming increasingly significant.",12,Body,Evidence related to AI and automation.,Use as evidence in the Findings/Future section.,4
P048-Q04,P048,DOMAIN_SPECIFIC,Method,This study explores the application of LCDPs in Precision Agriculture (PA) through a systematic literature review (SLR).,1,Method/Approach,Evidence related to Domain-specific use.,Use as evidence in the Findings section.,4
P049-Q01,P049,PLATFORM_COMPARISON,Theme assignment,"Similarly, Forrester Wave’s report highlighted that more than 42 LC/NC development tool vendors are structured as; platform as a service (PaaS) and provide services for developing web-based applications and mobile apps [12].",2,Abstract/Introduction,Evidence related to Platform comparison.,Use as evidence in the Findings section.,4
P049-Q02,P049,PRO_DEV_ROLE,Theme assignment,"The contributions of this study clarify misconceptions,providinginsightsintotheevolvingroleofprofessional developers in a LC/NC world and guiding the thoughtful integration of LC/NC tools in modern software development.",2,Abstract/Introduction,Evidence related to Professional developer role change.,Use as evidence in the Findings section.,4
P049-Q03,P049,VENDOR_LOCKIN,Theme assignment,"Fourmorestudiesfoundthat LCtoolintegrationandadaptabilityissues hinderedtheadoptionofLCtools.Furthermore,some othercriticalchallengescollectedfromshortlistedprimarystudies arelimited access to source code, vendor lock-in, scalability of applicationscreated,securityconc erns,lackofcollaboration,need codingforcomplexbuilding,lesspowerfulthanmanualprogramming, cognitive habits, accessibility support, documentation, integrationofGenAIandlearningefforts ,andsoforth.Theextracted terms with descriptions and primary study ID are presented in Table3.",9,Results/Evaluation,Evidence related to Vendor lock-in.,Use as evidence in the Findings section.,4
P049-Q04,P049,PLATFORM_COMPARISON,Method,"These contrasting perceptions-between the optimism surroundingefficiencygainsandtheapprehensionaboutprofessionaldisplacement-underscoretheneedforadeeperempiricalunderstandingofwhetherLC/NCtoolsserveasvaluableaids orposepotentialthreatstothesoftwaredevelopmentpracticesof developers.Motivatedbythisgap,ourstudyobjectivesistosystematically review the literature on LC/NC development tools, focusingonthreekeyareas:identifytheextenttowhichLC/NC toolsserveasaidstoprofessionaldevelopers,categorizethespecificchallengesdevelopersfacewhileusingthesetools,andevaluate whether LC/NC tools are perceived as potential replacementsorcomplementaryenablerstoprofessionalroles.",2,Abstract/Introduction,Evidence related to Platform comparison.,Use as evidence in the Findings section.,4
P050-Q01,P050,AI_AUTOMATION,Theme assignment,"Explaining AI Without Code: A User Study on Explainable AI Natalia Abarca Department of Computer Science, University of Chile natalia.abarca@ug.uchile.cl Andrés Carvallo CENIA - National Center for Artificial Intelligence andres.carvallo@cenia.cl Claudia López Moncada Universidad Técnica Federico Santa María CENIA - National Center for Artificial Intelligence clopez@inf.utfsm.cl Felipe Bravo-Marquez Department of Computer Science, University of Chile CENIA - National Center for Artificial Intelligence IMFD - Millennium Institute for Foundational Research on Data fbravo@dcc.uchile.cl Abstract The increasing use of Machine Learning (ML) in sensitive domains such as healthcare, finance, and public policy has raised concerns about the transparency of automated decisions.",1,Abstract/Introduction,Evidence related to AI and automation.,Use as evidence in the Findings/Future section.,4
P050-Q02,P050,PLATFORM_COMPARISON,Theme assignment,"Most errors occurred in T9-T11, typically during generation, analysis and comparison for local (KernelSHAP) and global explanations.",6,Method/Approach,Evidence related to Platform comparison.,Use as evidence in the Findings section.,4
P050-Q03,P050,EDUCATION,Theme assignment,(a) Experiment configuration and training module.,4,Method/Approach,Evidence related to Education and training.,Use as evidence in the Findings section.,4
P050-Q04,P050,AI_AUTOMATION,Method,"Explaining AI Without Code: A User Study on Explainable AI Natalia Abarca Department of Computer Science, University of Chile natalia.abarca@ug.uchile.cl Andrés Carvallo CENIA - National Center for Artificial Intelligence andres.carvallo@cenia.cl Claudia López Moncada Universidad Técnica Federico Santa María CENIA - National Center for Artificial Intelligence clopez@inf.utfsm.cl Felipe Bravo-Marquez Department of Computer Science, University of Chile CENIA - National Center for Artificial Intelligence IMFD - Millennium Institute for Foundational Research on Data fbravo@dcc.uchile.cl Abstract The increasing use of Machine Learning (ML) in sensitive domains such as healthcare, finance, and public policy has raised concerns about the transparency of automated decisions.",1,Abstract/Introduction,Evidence related to AI and automation.,Use as evidence in the Findings/Future section.,4
